[
        {
                "name": [
                        "Cisco 12810 Router",
                        "Cisco 12816 Router",
                        "Cisco 2901 Integrated Services Router G2",
                        "Cisco 1941 Integrated Services Router G2",
                        "Cisco 3750 Stackable switches",
                        "Cisco ASR 1001-X Router",
                        "Cisco ASR 1002-X Router",
                        "Cisco Catalyst 3560 X-48P,PF Switch",
                        "Cisco Catalyst 3650-24PD-E Switch",
                        "Cisco Catalyst 4500X-16 SFP+Switch",
                        "Cisco Catalyst 4507R plus E Switch",
                        "Cisco Catalyst38xx stack-able ethernet"
                ]
        },
        {
                "operating": [
                        "c1900-universalk9-mz.SPA.153-3.M.bin",
                        "c1900-universalk9_npe-mz.SPA.157-3.M3.bin",
                        "c1900-universalk9_npe-mz.SPA.156-3.M5.bin",
                        "c1900-universalk9_npe-mz.SPA.158-3.M0a.bin",
                        "c1900-universalk9-mz.SPA.155-3.M8.bin",
                        "c1900-universalk9-mz.SPA.156-3.M5.bin",
                        "c1900-universalk9_npe-mz.SPA.154-3.M10.bin"
                ]
        },
        {
                "version": [
                        "15.3(3)M (Latest) / Add On (N/A)",
                        "15.3(3)M (Latest) / Add On (N/A)",
                        "15.3(3)M (Suggested) / Add On (N/A)",
                        "15.3(3)M (Latest) / Add On (N/A)",
                        "15.3(3)M (Latest) / Add On (N/A)",
                        "15.3(3)M (Suggested) / Add On (N/A)",
                        "15.3(3)M (Latest) / Add On (N/A)"
                ]
        },
        {
                "assign": [
                        "Assign Role",
                        "Assign Role",
                        "Assign Role",
                        "Assign Role",
                        "Assign Role",
                        "Assign Role",
                        "Assign Role"
                ]
        },
        {
                "icon": [
                        null,
                        null,
                        null,
                        null,
                        null,
                        null,
                        null
                ]
        },
        {
                "button": [
                        "All",
                        "Core",
                        "Distribution",
                        "BorderRouter",
                        "Access",
                        "Unknown"
                ]
        }
]