[
        {
                "name": [
                        "Cisco 12810 Router",
                        "Cisco 12816 Router",
                        "Cisco 2901 Integrated Services Router G2",
                        "Cisco 1941 Integrated Services Router G2",
                        "Cisco 3750 Stackable switches",
                        "Cisco ASR 1001-X Router",
                        "Cisco ASR 1002-X Router",
                        "Cisco Catalyst 3560 X-48P,PF Switch",
                        "Cisco Catalyst 3650-24PD-E Switch",
                        "Cisco Catalyst 4500X-16 SFP+Switch",
                        "Cisco Catalyst 4507R plus E Switch",
                        "Cisco Catalyst38xx stack-able ethernet Switch"
                ],
                "operating": "c1900-universalk9-mz.SPA.153-3.M.bin",
                "version": "15.3(3)M (Latest) / Add On (N/A)",
                "assign": "Assign Role",
                "icon": null,
                "button":"All"
        },
        {
                "operating": "c1900-universalk9_npe-mz.SPA.157-3.M3.bin",
                "version": "15.3(3)M (Latest) / Add On (N/A)",
                "assign": "Assign Role",
                "icon": null,
                "button":"Core"
        },
        {
                "operating": "c1900-universalk9_npe-mz.SPA.157-3.M3.bin",
                "version": "15.3(3)M (Latest) / Add On (N/A)",
                "assign": "Assign Role",
                "icon": null,
                "button":"Distribution"
        },
        {
                "operating": "c1900-universalk9_npe-mz.SPA.157-3.M3.bin",
                "version": "15.3(3)M (Latest) / Add On (N/A)",
                "assign": "Assign Role",
                "icon": null,
                "button":"Border Router"
        },
        {
                "operating": "c1900-universalk9_npe-mz.SPA.157-3.M3.bin",
                "version": "15.3(3)M (Latest) / Add On (N/A)",
                "assign": "Assign Role",
                "icon": null,
                "button":"Access"
        },
        {
                "operating": "c1900-universalk9_npe-mz.SPA.157-3.M3.bin",
                "version": "15.3(3)M (Latest) / Add On (N/A)",
                "assign": "Assign Role",
                "icon": null,
                "button":"Unknow"
        },
        {
                "operating": "c1900-universalk9_npe-mz.SPA.157-3.M3.bin",
                "version": "15.3(3)M (Latest) / Add On (N/A)",
                "assign": "Assign Role",
                "icon": null,
                "button":"Card"
        }
]





