[
    {
            "name": [
                    "Cisco 12810 Router",
                    "Cisco 12816 Router",
                    "Cisco 2901 Integrated Services Router G2",
                    "Cisco 1941 Integrated Services Router G2",
                    "Cisco 3750 Stackable switches",
                    "Cisco ASR 1001-X Router",
                    "Cisco ASR 1002-X Router",
                    "Cisco Catalyst 3560 X-48P,PF Switch",
                    "Cisco Catalyst 3650-24PD-E Switch",
                    "Cisco Catalyst 4500X-16 SFP+Switch",
                    "Cisco Catalyst 4507R plus E Switch",
                    "Cisco Catalyst38xx stack-able ethernet Switch"
            ],
            "operating": "c9000-universalk9_npe-mz.SPA.157-3.M3.bin",
            "version": "18.4(4)M (Latest) / Add On (N/A)",
            "assign": "Assign Role",
            "button": "All",
            "icon": null
    },
    {
            "operating": "c9000-universalk9_npe-mz.SPA.157-3.M3.bin",
            "version": "18.4(4)M (Latest) / Add On (N/A)",
            "assign": "Assign Role",
            "button": "Core",
            "icon": null
    },
    {
            "operating": "c9000-universalk9_npe-mz.SPA.157-3.M3.bin",
            "version": "18.4(4)M (Latest) / Add On (N/A)",
            "assign": "Assign Role",
            "button": "Distribution",
            "icon": null
    },
    {
            "operating": "c9000-universalk9_npe-mz.SPA.157-3.M3.bin",
            "version": "18.4(4)M (Latest) / Add On (N/A)",
            "assign": "Assign Role",
            "button": "BorderRouter",
            "icon": null
    },
    {
            "operating": "c9000-universalk9_npe-mz.SPA.157-3.M3.bin",
            "version": "18.4(4)M (Latest) / Add On (N/A)",
            "assign": "Assign Role",
            "button": "Access",
            "icon": null
    },
    {
            "operating": "c9000-universalk9_npe-mz.SPA.157-3.M3.bin",
            "version": "18.4(4)M (Latest) / Add On (N/A)",
            "assign": "Assign Role",
            "button": "Unknow",
            "icon": null
    },
    {
            "operating": "c9000-universalk9_npe-mz.SPA.157-3.M3.bin",
            "version": "18.4(4)M (Latest) / Add On (N/A)",
            "assign": "Assign Role",
            "button":"card",
            "icon": null
    }
]